DonorID,Name,BloodGroup,Age,Phone,Available,Eligible,LocationID
D001,Amal Perera,B-,24,783197857,Unavailable,No,L001
D002,Saman Peris,A+,31,741227216,Unavailable,No,L002
D003,Hiruni Peris,B-,46,789089901,Available,Yes,L003
D004,Tharushi Perera,O+,31,755176955,Available,Yes,L004
D005,Amal Silva,A-,20,771662963,Unavailable,No,L004
D006,Malsha Silva,A-,54,735808537,Unavailable,Yes,L003
D007,Saman Perera,AB+,42,747308985,Available,Yes,L005
D008,Chathura Wijesinghe,AB-,59,719583482,Unavailable,No,L004
D009,Dinithi Fernando,B+,58,784752529,Unavailable,No,L006
D010,Nadeesha Wijesinghe,B-,35,718883684,Unavailable,Yes,L002
D011,Rameshwaram Seneviratne,B-,27,745551614,Unavailable,Yes,L006
D012,Nimesha Jayasuriya,O+,32,728566572,Unavailable,No,L007
D013,Farveez Maharoof,A+,58,731472420,Unavailable,No,L005
D014,Hansani Abeykoon,O+,51,743744231,Unavailable,No,L008
D015,Dimuth Karunaratne,AB+,36,768353204,Unavailable,No,L004
D016,Shalini Gamage,AB+,58,750056581,Available,Yes,L003
D017,Avishka Mendis,B+,52,781182864,Unavailable,No,L004
D018,Udeni Wettimuny,O-,41,751273847,Unavailable,No,L002
D019,Kaveen Jayasuriya,A-,52,726879290,Available,Yes,L005
D020,Surangi Perera,AB+,31,782383095,Unavailable,Yes,L003
D021,Chamika Premadasa,AB-,25,743273328,Unavailable,Yes,L006
D022,Nilanthi Mahanama,A+,55,739557077,Available,Yes,L007
D023,Janith Liyanage,B-,39,719510312,Unavailable,No,L005
D024,Bhashini Rajapaksa,O-,54,787337818,Available,No,L001
D025,Dunith Athukorala,O+,24,798447167,Unavailable,No,L001
D026,Kavindi Ratnayake,O+,59,796728778,Unavailable,No,L006
D027,Dushan Abeykoon,AB-,30,781979055,Available,No,L005
D028,Tharanga Warnakulasuriya,B+,22,769476001,Available,Yes,L009
D029,Nuwan Ratnayake,A+,44,775181648,Available,Yes,L005
D030,Dilki Mendis,A+,42,745594951,Available,No,L010
D031,Hasini Wickramasinghe,O-,31,717849494,Unavailable,No,L010
D032,Chamara Karunaratne,AB-,55,773993471,Unavailable,No,L002
D033,Dilini Bogollagama,A+,29,719196777,Unavailable,No,L003
D034,Wanindu Samarawickrama,O+,55,789795010,Available,Yes,L005
D035,Ruvini Seneviratne,O+,34,737415205,Unavailable,No,L007
D036,Pathum Jayawardena,O+,47,752436584,Unavailable,No,L010
D037,Ashani Priyanjan,A-,50,745594597,Available,Yes,L005
D038,Charith Herath,B-,46,782909480,Available,Yes,L004
D039,Vinuri Wickramaratne,AB+,34,725492573,Unavailable,No,L005
D040,Bhanuka Rajapaksa,AB+,39,737326368,Available,No,L009
D041,Devmini Karunaratne,AB+,58,766851377,Unavailable,No,L002
D042,Lahiru Kulatunga,AB-,28,769302158,Unavailable,Yes,L010
D043,Sewwandi Kulatunga,A-,52,714835614,Available,Yes,L005
D044,Pramod Madushan,O+,37,758942697,Unavailable,No,L010
D045,Parami Edirisinghe,B-,57,730743797,Unavailable,Yes,L005
D046,Maheesh Edirisinghe,O+,44,799913412,Unavailable,Yes,L002
D047,Senuri Jayawardena,A-,48,739854548,Unavailable,No,L008
D048,Ashen Chandrasiri,AB+,60,735921441,Available,No,L001
D049,Gayani Illangasinghe,A-,52,754446182,Unavailable,No,L009
D050,Roshan Dissanayake,B+,24,790070438,Available,No,L007
D051,Shashini Chandrasiri,O+,42,787388337,Available,Yes,L007
D052,Dhananjaya Senaratne,O+,41,767887757,Available,Yes,L002
D053,Piyumi Herath,A-,60,764813568,Unavailable,No,L009
D054,Nuwanidu Illangasinghe,B+,29,792613013,Unavailable,Yes,L001
D055,Nethmi Senaratne,A+,45,787844239,Available,No,L009
D056,Matheesha Wickramaratne,O-,50,773509974,Available,No,L006
D057,Shanika Samarawickrama,AB-,32,736726767,Unavailable,Yes,L005
D058,Yasiru Kulasekara,B-,47,765625330,Available,Yes,L006
D059,Yuresha Kulasekara,O-,59,710744212,Available,No,L008
D060,Vishwa Ranatunga,B+,53,743446826,Available,Yes,L003
D061,Rashmi Dissanayake,O-,46,792228802,Unavailable,Yes,L003
D062,Dasun Bogollagama,B+,33,795585469,Unavailable,Yes,L006
D063,Chathurika Premadasa,B-,36,741473195,Available,No,L009
D064,Ramesh Aluvihare,A-,32,761410126,Unavailable,No,L010
D065,Oshadi Liyanage,O+,44,718357162,Unavailable,Yes,L008
D066,Dhanushka Ekanayake,A+,18,757212267,Unavailable,Yes,L007
D067,Janani Aluvihare,B-,45,775181765,Unavailable,Yes,L006
D068,Shehan Gamage,O+,57,781688860,Available,Yes,L010
D069,Bhagya Ekanayake,A-,47,734391257,Unavailable,No,L008
D070,Dilantha Fonseka,AB-,39,760885459,Unavailable,No,L001
D071,Dilrukshi Fonseka,A-,52,716990811,Unavailable,No,L006
D072,Lahiru Senanayake,A+,19,793394260,Available,No,L002
D073,Isuri Cooray,O-,47,744392446,Available,Yes,L005
D074,Mahela Tillakaratne,B+,55,713446499,Unavailable,No,L009
D075,Lashanthi Senanayake,O+,55,794187049,Unavailable,No,L001
D076,Kumar Mahanama,A-,40,781503856,Unavailable,No,L007
D077,Madhuri Tillakaratne,AB-,24,768186525,Unavailable,No,L002
D078,Tillakaratne Warnakulasuriya,O+,57,782232344,Unavailable,Yes,L010
D079,Kanchana Mahanama,AB+,35,770505620,Available,Yes,L004
D080,Marvan Kaluwitharana,AB-,29,775437844,Unavailable,No,L002
D081,Menaka Kaluwitharana,AB-,53,711362459,Unavailable,Yes,L009
D082,Muttiah Gurusinha,B-,48,796691619,Available,No,L008
D083,Champa Gurusinha,A-,33,751098277,Unavailable,Yes,L009
D084,Upul Wettimuny,AB-,40,770900658,Unavailable,Yes,L008
D085,Chaminda Vaas,B-,25,781922443,Unavailable,No,L005
D086,Romesh Wickramasinghe,O-,24,736054020,Unavailable,Yes,L009
D087,Hiranthi Gurunada,B+,52,726989677,Unavailable,No,L009
D088,Aravinda Dissanayake,AB+,24,711646234,Unavailable,Yes,L010
D089,Ramani Wickramasinghe,O-,21,743887075,Available,Yes,L006
D090,Sanath Jayasundara,O+,54,794482772,Unavailable,No,L006
D091,Anusha Dissanayake,AB+,53,765857931,Available,Yes,L005
D092,Asanka Gurusinha,O+,55,767556566,Unavailable,Yes,L006
D093,Sandya Jayasundara,A-,34,798641164,Available,No,L001
D094,Chandika Hathurusinghe,B+,28,710359129,Unavailable,No,L003
D095,Roshan Mahanama,AB+,36,770939053,Unavailable,Yes,L002
D096,Ruwan Kalpage,B-,52,740173413,Unavailable,No,L008
D097,Asanthi Gurusinha,A-,37,789865458,Unavailable,No,L002
D098,Dulip Liyanage,A-,43,746540265,Unavailable,Yes,L006
D099,Chandrika Hathurusinghe,O-,45,753261270,Available,No,L005
D100,Ravindra Pushpakumara,A-,35,787342561,Available,Yes,L001
D101,Priyadarshani Wickramaratne,O-,58,775998319,Unavailable,No,L009
D102,Eric Ratnayake,O+,28,754265498,Available,Yes,L004
D103,Ruwani Kalpage,O+,47,721819185,Unavailable,No,L003
D104,Sajeewa de Mel,A-,60,782825679,Available,Yes,L008
D105,Dulanjali Liyanage,B-,58,769329732,Unavailable,No,L003
D106,Russell Arnold,B+,25,713874790,Unavailable,No,L009
D107,Radhika Pushpakumara,AB+,53,764759583,Unavailable,No,L003
D108,Suresh Perera,O-,49,749172995,Available,Yes,L005
D109,Erika Ratnayake,O-,53,729413516,Unavailable,Yes,L006
D110,Kumar Dharmasena,A-,50,745859307,Unavailable,Yes,L009
D111,Upathissa Chandana,O-,40,754619335,Unavailable,No,L010
D112,Jehan Mubarak,O-,54,761401477,Available,Yes,L004
D113,Sajeevani de Mel,AB-,42,799078806,Unavailable,Yes,L006
D114,Malinga Bandara,B+,24,769096899,Unavailable,Yes,L003
D115,Avishka Gunawardene,A+,22,773013961,Available,No,L010
D116,Suranga Lakmal,A-,38,794127561,Unavailable,Yes,L004
D117,Rasika Arnold,A-,32,722130508,Unavailable,Yes,L001
D118,Ajantha Mendis,O-,19,716172803,Unavailable,Yes,L010
D119,Sunethra Zoysa,AB-,33,781291936,Available,Yes,L004
D120,Thilina Kandamby,B+,57,761344226,Unavailable,No,L010
D121,Thilini Samaraweera,B+,47,744269370,Unavailable,No,L001
D122,Suraj Randiv,B+,55,750151803,Unavailable,Yes,L005
D123,Kumi Dharmasena,AB+,24,741837210,Unavailable,No,L001
D124,Isuru Udana,AB+,60,763124147,Unavailable,No,L009
D125,Fathima Maharoof,O-,32,795445405,Unavailable,Yes,L009
D126,Dimuth Karunaratne,B+,37,769166287,Available,No,L005
D127,Jeewanthi Mubarak,B+,44,733574011,Unavailable,No,L005
D128,Kithuruwan Vithanage,AB+,36,755461591,Unavailable,Yes,L010
D129,Kaushalya Lokuarachchi,B+,53,759093496,Unavailable,Yes,L001
D130,Ashan Priyanjan,AB+,47,759470729,Unavailable,No,L003
D131,Malini Bandara,AB-,48,713358751,Available,No,L005
D132,Dushmantha Chameera,B-,37,797139443,Unavailable,No,L005
D133,Dhammika Prasadini,A+,25,723044889,Unavailable,Yes,L002
D134,Asela Gunaratne,O+,55,730739712,Unavailable,No,L006
D135,Surangika Lakmali,O+,41,739161443,Unavailable,No,L009
D136,Sandun Weerakkody,AB-,52,796547189,Unavailable,Yes,L005
D137,Nimeshika Kulasekara,AB+,47,722304198,Unavailable,No,L001
D138,Malinda Pushpakumara,A+,54,737542226,Available,Yes,L004
D139,Ajithrika Mendis,B-,56,710380581,Available,Yes,L001
D140,Lahiru Kumara,AB+,60,713460153,Unavailable,No,L010
D141,Rangika Herath,B-,29,745617024,Available,Yes,L007
D142,Vishwa Fernando,A-,41,778885632,Unavailable,No,L005
D143,Thilini Kandamby,B-,60,779987997,Unavailable,No,L007
D144,Ashen Bandara,A+,24,775802771,Unavailable,Yes,L006
D145,Gayanthi Wijekoon,AB-,22,726937148,Unavailable,No,L007
D146,Kamindu Mendis,O+,47,777853916,Unavailable,No,L007
D147,Suraeja Randiv,A-,46,740667888,Unavailable,Yes,L003
D148,Nuwan Thushara,O+,38,767279295,Unavailable,No,L008
D149,Chanakya Welegedara,B+,23,721457410,Unavailable,No,L006
D150,Oshada Fernando,AB-,55,785374852,Available,No,L010
D151,Thandeka Vetrivel,O+,21,748604965,Unavailable,No,L004
D152,Kusal Wickramasinghe,A-,27,798145654,Available,Yes,L007
D153,Isurika Udana,AB-,35,787054398,Available,No,L003
D154,Sadeera Thennakoon,AB+,37,755610493,Unavailable,Yes,L002
D155,Deepthi Prasanna,B+,22,729042093,Unavailable,No,L007
D156,Kaveen Jayasuriya,O+,28,759667685,Unavailable,Yes,L008
D157,Dilrukshi Karunaratne,A+,57,716679008,Unavailable,No,L010
D158,Dhananjaya Senaratne,O+,44,746663833,Unavailable,No,L006
D159,Lahiru Thirimanne,AB-,36,789609131,Unavailable,No,L008
D160,Dunith Athukorala,A+,18,737437207,Available,No,L001
D161,Kithmi Vithanage,AB+,18,776757928,Available,Yes,L009
D162,Nuwanidu Illangasinghe,O+,50,784990607,Available,Yes,L003
D163,Sachithra Senanayake,A+,47,720450542,Unavailable,No,L008
D164,Vishmi Ranatunga,O+,43,712799319,Available,No,L008
D165,Nirasha Dickwella,AB-,33,768475513,Available,Yes,L005
D166,Ramesh Aluvihare,O+,39,732566390,Available,Yes,L009
D167,Dushanthi Chameera,B-,33,723798190,Available,Yes,L004
D168,Dilantha Fonseka,B+,59,720113745,Unavailable,No,L007
D169,Jennifer Vandersay,O-,58,752431444,Unavailable,No,L007
D170,Mahela Tillakaratne,O-,35,789379016,Unavailable,Yes,L006
D171,Amilani Aponso,AB+,21,759491122,Available,Yes,L006
D172,Tillakaratne Warnakulasuriya,O+,46,786726461,Available,Yes,L006
D173,Lakshan Sandakan,B+,39,721318464,Available,Yes,L002
D174,Chaminda Vaas,B-,41,760043345,Available,Yes,L006
D175,Malini Pushpakumara,AB-,58,796879854,Unavailable,No,L007
D176,Hashan Gurunada,A-,36,743822301,Unavailable,No,L003
D177,Sudeera Samarawickrama,A-,40,751638598,Available,Yes,L007
D178,Sanath Jayasundara,AB+,26,799941500,Unavailable,Yes,L003
D179,Lahiruni Kumara,AB-,29,738748452,Unavailable,No,L002
D180,Chandika Hathurusinghe,B-,22,749700543,Unavailable,No,L010
D181,Asitha Fernando,AB-,56,760562485,Unavailable,No,L007
D182,Dulip Liyanage,B+,44,758895439,Unavailable,No,L006
D183,Asithi Fernando,O-,37,772950208,Available,No,L001
D184,Upul Chandana,O-,28,736802975,Unavailable,Yes,L009
D185,Vishmika Fernando,A+,51,726733967,Available,Yes,L006
D186,Russell Arnold,AB+,45,722309586,Available,Yes,L006
D187,Praveen Jayawickrama,A+,43,777378254,Unavailable,No,L008
D188,Thilan Samaraweera,A-,38,723298711,Available,No,L004
D189,Chamikara Karunaratne,A+,48,770210270,Available,Yes,L009
D190,Jehan Mubarak,A+,53,791722503,Available,No,L009
D191,Asheni Bandara,AB+,21,742002808,Available,Yes,L001
D192,Dhammika Prasad,A-,58,779172559,Available,No,L005
D193,Praveena Jayawickrama,AB+,57,757354167,Unavailable,No,L008
D194,Nuwan Kulasekara,B+,22,780606503,Unavailable,No,L005
D195,Kavishki Anjula,O+,58,761926331,Unavailable,No,L006
D196,Thilina Kandamby,AB-,60,794323222,Available,Yes,L005
D197,Kamindya Mendis,B+,59,733500064,Unavailable,No,L002
D198,Suraj Randiv,B+,36,737057085,Available,Yes,L005
D199,Chamila Gunasekara,AB-,52,773538641,Unavailable,Yes,L009
D200,Isuru Udana,AB+,59,754550177,Unavailable,No,L004
